{"cameraMode":{"drawMode":0,"name":"Shaded","section":"Shading Mode"},"sceneLighting":true,"audioPlay":false,"sceneViewState":{"showFog":true,"showMaterialUpdate":false,"showSkybox":true,"showFlares":true,"showImageEffects":true,"showParticleSystems":true},"in2DMode":false,"pivot":{"x":0.7841876149177551,"y":2.616900682449341,"z":1.9275319576263428},"rotation":{"x":-0.009304860606789589,"y":0.032091427594423297,"z":-0.0002988307096529752,"w":-0.9994486570358276},"size":3.6794230937957765,"orthographic":true}